,id,verb,postedTime,body,actor,hashtags,mentions,lang,emoji_free_tweets,url_free_tweets
0,"tag:search.twitter.com,2005:1254922436312784896",share,2020-04-27T23:56:38.000Z,": ...  take care of yourself, protect your heart, love yourself. Do not lose hope, choose colors. Art by Mawe RFK &amp;  Growâ€¦","{'id': 'id:twitter.com:337261399', 'displayName': 'Jean-Pierre FIZAINE', 'preferredUsername': '95jpf'}",[],"[{'name': 'One World Street Art', 'screen_name': 'StreetArtDream'}]",en,"RT @StreetArtDream: ... take care of yourself, protect your heart, love yourself. Do not lose hope, choose colors. Art by Mawe RFK &amp; Growâ€¦","RT @StreetArtDream: ... take care of yourself, protect your heart, love yourself. Do not lose hope, choose colors. Art by Mawe RFK &amp; Growâ€¦"
1,"tag:search.twitter.com,2005:1254922058993033218",share,2020-04-27T23:55:08.000Z,": ...  take care of yourself, protect your heart, love yourself. Do not lose hope, choose colors. Art by Mawe RFK &amp;  Growâ€¦","{'id': 'id:twitter.com:28525595', 'displayName': 'Kemal SaraÃ§oÄŸlu', 'preferredUsername': 'KemalSaracoglu'}",[],"[{'name': 'One World Street Art', 'screen_name': 'StreetArtDream'}]",en,"RT @StreetArtDream: ... take care of yourself, protect your heart, love yourself. Do not lose hope, choose colors. Art by Mawe RFK &amp; Growâ€¦","RT @StreetArtDream: ... take care of yourself, protect your heart, love yourself. Do not lose hope, choose colors. Art by Mawe RFK &amp; Growâ€¦"
2,"tag:search.twitter.com,2005:1254922008057360384",share,2020-04-27T23:54:56.000Z,": streetart mural urbanart By JR Artist in NYC, USA.

A dancer confined to her box... ","{'id': 'id:twitter.com:28525595', 'displayName': 'Kemal SaraÃ§oÄŸlu', 'preferredUsername': 'KemalSaracoglu'}","['streetart', 'mural', 'urbanart']","[{'name': 'Jean-Pierre FIZAINE', 'screen_name': '95jpf'}]",en,"RT @95jpf: #streetart #mural #urbanart By JR Artist in NYC, USA. A dancer confined to her box... https://t.co/a8Jh8TxWRE","RT @95jpf: #streetart #mural #urbanart By JR Artist in NYC, USA. A dancer confined to her box... "
3,"tag:search.twitter.com,2005:1254921922699296768",post,2020-04-27T23:54:36.000Z,jers nozone graffiti spraypaint streetart urbanart bike cycling solocycling westbottoms kansascityâ€¦ ,"{'id': 'id:twitter.com:375115638', 'displayName': 'Mark Frazier', 'preferredUsername': 'Poaceaewave'}","['jers', 'nozone', 'graffiti', 'spraypaint', 'streetart', 'urbanart', 'bike', 'cycling', 'solocycling', 'westbottoms', 'kansascity']",[],en,#jers #nozone #graffiti #spraypaint #streetart #urbanart #bike #cycling #solocycling #westbottoms #kansascityâ€¦ https://t.co/s8SXy8V5Gs,#jers #nozone #graffiti #spraypaint #streetart #urbanart #bike #cycling #solocycling #westbottoms #kansascityâ€¦ 
4,"tag:search.twitter.com,2005:1254921918311878656",share,2020-04-27T23:54:35.000Z,": Thank you to our HealthcareHeroes by  in Houston, Texas
---
GlobalStreetArt StreetArt PaintedCitiesâ€¦","{'id': 'id:twitter.com:28525595', 'displayName': 'Kemal SaraÃ§oÄŸlu', 'preferredUsername': 'KemalSaracoglu'}",['HealthcareHeroes'],"[{'name': 'Global Street Art', 'screen_name': 'globalstreetart'}]",en,"RT @globalstreetart: Thank you to our #HealthcareHeroes by @anatronen1971 in Houston, Texas --- #GlobalStreetArt #StreetArt #PaintedCitiesâ€¦","RT @globalstreetart: Thank you to our #HealthcareHeroes by @anatronen1971 in Houston, Texas --- #GlobalStreetArt #StreetArt #PaintedCitiesâ€¦"
5,"tag:search.twitter.com,2005:1254921508989751296",share,2020-04-27T23:52:57.000Z,": I would like to discover, travel... not just survive. Art by Natalia Rak in Luxembourg StreetArt Art Traveler Beautâ€¦","{'id': 'id:twitter.com:742310442', 'displayName': 'peteris ciemitis', 'preferredUsername': 'PeterisCiemitis'}","['StreetArt', 'Art', 'Traveler']","[{'name': 'One World Street Art', 'screen_name': 'StreetArtDream'}]",en,"RT @StreetArtDream: I would like to discover, travel... not just survive. Art by Natalia Rak in Luxembourg #StreetArt #Art #Traveler #Beautâ€¦","RT @StreetArtDream: I would like to discover, travel... not just survive. Art by Natalia Rak in Luxembourg #StreetArt #Art #Traveler #Beautâ€¦"
6,"tag:search.twitter.com,2005:1254921123617218560",share,2020-04-27T23:51:25.000Z,": streetart mural urbanart By JR Artist in NYC, USA.

A dancer confined to her box... ","{'id': 'id:twitter.com:1220469628247445504', 'displayName': 'klonik007', 'preferredUsername': 'klonik0071'}","['streetart', 'mural', 'urbanart']","[{'name': 'Jean-Pierre FIZAINE', 'screen_name': '95jpf'}]",en,"RT @95jpf: #streetart #mural #urbanart By JR Artist in NYC, USA. A dancer confined to her box... https://t.co/a8Jh8TxWRE","RT @95jpf: #streetart #mural #urbanart By JR Artist in NYC, USA. A dancer confined to her box... "
7,"tag:search.twitter.com,2005:1254920919740551169",post,2020-04-27T23:50:37.000Z,"New video....

Street Art of New Ross.

Follow me on insta and Facebook!

streetart newross wexford  ","{'id': 'id:twitter.com:1249751710236622849', 'displayName': 'Fovmedia01@gmail.com', 'preferredUsername': 'fovmedia01'}","['streetart', 'newross', 'wexford']",[],en,New video.... Street Art of New Ross. Follow me on insta and Facebook! #streetart #newross #wexford # https://t.co/RqQQR7l7mb,New video.... Street Art of New Ross. Follow me on insta and Facebook! #streetart #newross #wexford # 
8,"tag:search.twitter.com,2005:1254920703112916992",share,2020-04-27T23:49:45.000Z,": streetart mural urbanart By JR Artist in NYC, USA.

A dancer confined to her box... ","{'id': 'id:twitter.com:23341160', 'displayName': 'ConsiderThis1', 'preferredUsername': 'ConsiderThis1'}","['streetart', 'mural', 'urbanart']","[{'name': 'Jean-Pierre FIZAINE', 'screen_name': '95jpf'}]",en,"RT @95jpf: #streetart #mural #urbanart By JR Artist in NYC, USA. A dancer confined to her box... https://t.co/a8Jh8TxWRE","RT @95jpf: #streetart #mural #urbanart By JR Artist in NYC, USA. A dancer confined to her box... "
9,"tag:search.twitter.com,2005:1254920700005175296",share,2020-04-27T23:49:44.000Z,": streetart mural urbanart By JR Artist in NYC, USA.

A dancer confined to her box... ","{'id': 'id:twitter.com:4855828072', 'displayName': 'Arttitude', 'preferredUsername': 'ARTtitude_DFW'}","['streetart', 'mural', 'urbanart']","[{'name': 'Jean-Pierre FIZAINE', 'screen_name': '95jpf'}]",en,"RT @95jpf: #streetart #mural #urbanart By JR Artist in NYC, USA. A dancer confined to her box... https://t.co/a8Jh8TxWRE","RT @95jpf: #streetart #mural #urbanart By JR Artist in NYC, USA. A dancer confined to her box... "
10,"tag:search.twitter.com,2005:1254920541397549056",share,2020-04-27T23:49:07.000Z,": Thank you to our HealthcareHeroes by  in Houston, Texas
---
GlobalStreetArt StreetArt PaintedCitiesâ€¦","{'id': 'id:twitter.com:4855828072', 'displayName': 'Arttitude', 'preferredUsername': 'ARTtitude_DFW'}",['HealthcareHeroes'],"[{'name': 'Global Street Art', 'screen_name': 'globalstreetart'}]",en,"RT @globalstreetart: Thank you to our #HealthcareHeroes by @anatronen1971 in Houston, Texas --- #GlobalStreetArt #StreetArt #PaintedCitiesâ€¦","RT @globalstreetart: Thank you to our #HealthcareHeroes by @anatronen1971 in Houston, Texas --- #GlobalStreetArt #StreetArt #PaintedCitiesâ€¦"
11,"tag:search.twitter.com,2005:1254920385054810113",share,2020-04-27T23:48:29.000Z,: â€œnothing is as honest as tryingâ€ poetry streetart ,"{'id': 'id:twitter.com:1128696693111894018', 'displayName': 'Dr Sajjad Ahmad khan', 'preferredUsername': 'DrSajjadahmadk3'}","['poetry', 'streetart']","[{'name': 'zach whitman', 'screen_name': 'wordsbyzach'}]",en,RT @wordsbyzach: â€œnothing is as honest as tryingâ€ #poetry #streetart https://t.co/aNtxn5rYC6,RT @wordsbyzach: â€œnothing is as honest as tryingâ€ #poetry #streetart 
12,"tag:search.twitter.com,2005:1254920306034184193",share,2020-04-27T23:48:10.000Z,_SE4: More Great streetart in East Dulwich. Thanks Linda Cox for the photo ğŸ‘ğŸ‘ğŸ‘â¤ï¸â¤ï¸â¤ï¸ ,"{'id': 'id:twitter.com:1099615236', 'displayName': 'Paolo Manenti #SixStarFinisher', 'preferredUsername': 'palectric'}",['streetart'],"[{'name': '@Love_SE4 â¤ï¸ #bekind', 'screen_name': 'Love_SE4'}]",en,RT @Love_SE4: More Great #streetart in East Dulwich. Thanks Linda Cox for the photo ğŸ‘ğŸ‘ğŸ‘â¤ï¸â¤ï¸â¤ï¸ https://t.co/3SNFmZjDRk,RT @Love_SE4: More Great #streetart in East Dulwich. Thanks Linda Cox for the photo ğŸ‘ğŸ‘ğŸ‘â¤ï¸â¤ï¸â¤ï¸ 
13,"tag:search.twitter.com,2005:1254920050215190528",share,2020-04-27T23:47:09.000Z,": Thank you to our HealthcareHeroes by  in Houston, Texas
---
GlobalStreetArt StreetArt PaintedCitiesâ€¦","{'id': 'id:twitter.com:1099615236', 'displayName': 'Paolo Manenti #SixStarFinisher', 'preferredUsername': 'palectric'}",['HealthcareHeroes'],"[{'name': 'Global Street Art', 'screen_name': 'globalstreetart'}]",en,"RT @globalstreetart: Thank you to our #HealthcareHeroes by @anatronen1971 in Houston, Texas --- #GlobalStreetArt #StreetArt #PaintedCitiesâ€¦","RT @globalstreetart: Thank you to our #HealthcareHeroes by @anatronen1971 in Houston, Texas --- #GlobalStreetArt #StreetArt #PaintedCitiesâ€¦"
14,"tag:search.twitter.com,2005:1254919891129454593",share,2020-04-27T23:46:31.000Z,: ğŸ’ğŸ¸ğŸ·ğŸ¶ğŸŒˆğŸŒ…hamburg todayğŸŒ¸CherryBlossomğŸŒ¸ğŸ’HappyWeekend Friends!ğŸŒ¼ğŸŒ¾ğŸ¨Streetartâ¤ğŸŒ±ğŸŒ¼ğŸŒ¤ğŸ’–â˜®âœ¨â˜®peaceâ˜®âœ¨ğŸ’–âœ¨loveğŸ’–âœ¨ No war!ğŸŒğŸŒ³ğŸš´â€â™€ï¸ğŸ•ğŸ”ğŸ€ğŸŒ±ğŸ¥€ğŸŒ·COVIDãƒ¼19â€¦,"{'id': 'id:twitter.com:424660058', 'displayName': ':Dawn', 'preferredUsername': 'dawnclark6'}","['hamburg', 'CherryBlossom', 'HappyWeekend', 'Streetart', 'COVIDãƒ¼19']","[{'name': 'Ceni', 'screen_name': 'peac4love'}]",en,RT @peac4love: ğŸ’ğŸ¸ğŸ·ğŸ¶ğŸŒˆğŸŒ…#hamburg todayğŸŒ¸#CherryBlossomğŸŒ¸ğŸ’#HappyWeekend Friends!ğŸŒ¼ğŸŒ¾ğŸ¨#Streetartâ¤ğŸŒ±ğŸŒ¼ğŸŒ¤ğŸ’–â˜®âœ¨â˜®peaceâ˜®âœ¨ğŸ’–âœ¨loveğŸ’–âœ¨ No war!ğŸŒğŸŒ³ğŸš´â€â™€ï¸ğŸ•ğŸ”ğŸ€ğŸŒ±ğŸ¥€ğŸŒ·#COVIDãƒ¼19â€¦,RT @peac4love: ğŸ’ğŸ¸ğŸ·ğŸ¶ğŸŒˆğŸŒ…#hamburg todayğŸŒ¸#CherryBlossomğŸŒ¸ğŸ’#HappyWeekend Friends!ğŸŒ¼ğŸŒ¾ğŸ¨#Streetartâ¤ğŸŒ±ğŸŒ¼ğŸŒ¤ğŸ’–â˜®âœ¨â˜®peaceâ˜®âœ¨ğŸ’–âœ¨loveğŸ’–âœ¨ No war!ğŸŒğŸŒ³ğŸš´â€â™€ï¸ğŸ•ğŸ”ğŸ€ğŸŒ±ğŸ¥€ğŸŒ·#COVIDãƒ¼19â€¦
15,"tag:search.twitter.com,2005:1254919573410848768",post,2020-04-27T23:45:16.000Z,"For MuralMonday, here are three from GrandRapids!
ğŸ¨
art mural arte ArtistOnTwitter ojibwe artathomeâ€¦ ","{'id': 'id:twitter.com:304671643', 'displayName': 'David Booth Perry â€¢ ğ”¾ğ•’ğ•ª ğ•‹ğ•£ğ•’ğ•§ğ•–ğ•', 'preferredUsername': 'GhastEald'}","['MuralMonday', 'GrandRapids', 'art', 'mural', 'arte', 'ArtistOnTwitter', 'ojibwe', 'artathome']",[],en,"For #MuralMonday, here are three from #GrandRapids! ğŸ¨ #art #mural #arte #ArtistOnTwitter #ojibwe #artathomeâ€¦ https://t.co/XIicdEXlxC","For #MuralMonday, here are three from #GrandRapids! ğŸ¨ #art #mural #arte #ArtistOnTwitter #ojibwe #artathomeâ€¦ "
16,"tag:search.twitter.com,2005:1254918755274182659",post,2020-04-27T23:42:01.000Z,"dannywishu globalstreetart : Thank you to our HealthcareHeroes by anatronen1971 in Houston, Texas
---â€¦ ","{'id': 'id:twitter.com:772134069769531392', 'displayName': 'Deepak More', 'preferredUsername': 'Dreemardeep'}",['HealthcareHeroes'],[],en,"RT dannywishu RT globalstreetart : Thank you to our #HealthcareHeroes by anatronen1971 in Houston, Texas ---â€¦ https://t.co/ElZCHwnkp6","RT dannywishu RT globalstreetart : Thank you to our #HealthcareHeroes by anatronen1971 in Houston, Texas ---â€¦ "
17,"tag:search.twitter.com,2005:1254918375488262145",post,2020-04-27T23:40:30.000Z,Woodstar postminimalism minimalist abstractionart figurativeabstract abstractphotographyâ€¦ ,"{'id': 'id:twitter.com:1099321102738866176', 'displayName': 'Moraes & Szalay', 'preferredUsername': 'MoraesSzalay'}","['postminimalism', 'minimalist', 'abstractionart', 'figurativeabstract', 'abstractphotography']",[],en,Woodstar #postminimalism #minimalist #abstractionart #figurativeabstract #abstractphotographyâ€¦ https://t.co/ITrBeXMxOi,Woodstar #postminimalism #minimalist #abstractionart #figurativeabstract #abstractphotographyâ€¦ 
18,"tag:search.twitter.com,2005:1254917738730053632",share,2020-04-27T23:37:58.000Z,": streetart mural urbanart By JR Artist in NYC, USA.

A dancer confined to her box... ","{'id': 'id:twitter.com:2872872958', 'displayName': 'Marco', 'preferredUsername': '_Marco2808'}","['streetart', 'mural', 'urbanart']","[{'name': 'Jean-Pierre FIZAINE', 'screen_name': '95jpf'}]",en,"RT @95jpf: #streetart #mural #urbanart By JR Artist in NYC, USA. A dancer confined to her box... https://t.co/a8Jh8TxWRE","RT @95jpf: #streetart #mural #urbanart By JR Artist in NYC, USA. A dancer confined to her box... "
19,"tag:search.twitter.com,2005:1254917283211882501",post,2020-04-27T23:36:10.000Z,"~ QUOTE OF THE DAY ~
""Write Because Nobody Listen""

ğŸ“¸ VIA _black0603
QOTD QuoteOfTheDay Quotes Artâ€¦ ","{'id': 'id:twitter.com:2810762713', 'displayName': 'KT66', 'preferredUsername': 'KT66_Designer'}","['QUOTE', 'QOTD', 'QuoteOfTheDay', 'Quotes', 'Art']","[{'name': 'Black_ink', 'screen_name': 'in_black0603'}]",en,"~ #QUOTE OF THE DAY ~ ""Write Because Nobody Listen"" ğŸ“¸ VIA @in_black0603 #QOTD #QuoteOfTheDay #Quotes #Artâ€¦ https://t.co/MVnLaqkV8L","~ #QUOTE OF THE DAY ~ ""Write Because Nobody Listen"" ğŸ“¸ VIA @in_black0603 #QOTD #QuoteOfTheDay #Quotes #Artâ€¦ "
20,"tag:search.twitter.com,2005:1254917087606308870",share,2020-04-27T23:35:23.000Z,": ~ let it be ~ 

NowPlaying 
 
or


StreetArt ","{'id': 'id:twitter.com:509068411', 'displayName': 'Gitti Poell', 'preferredUsername': 'gittisun'}","['NowPlaying', 'StreetArt']","[{'name': 'Michael R von Einem', 'screen_name': 'rvoneinem'}]",en,RT @rvoneinem: ~ let it be ~ #NowPlaying https://t.co/A0rdJpYYHZ or https://t.co/8AO0DwaeEl #StreetArt https://t.co/j1qbbCz2MO,RT @rvoneinem: ~ let it be ~ #NowPlaying  or  #StreetArt 
21,"tag:search.twitter.com,2005:1254916930902921216",share,2020-04-27T23:34:46.000Z,": Thank you to our HealthcareHeroes by  in Houston, Texas
---
GlobalStreetArt StreetArt PaintedCitiesâ€¦","{'id': 'id:twitter.com:1124083132972568576', 'displayName': 'Tactless Mike', 'preferredUsername': 'Tactlessmike'}",['HealthcareHeroes'],"[{'name': 'Global Street Art', 'screen_name': 'globalstreetart'}]",en,"RT @globalstreetart: Thank you to our #HealthcareHeroes by @anatronen1971 in Houston, Texas --- #GlobalStreetArt #StreetArt #PaintedCitiesâ€¦","RT @globalstreetart: Thank you to our #HealthcareHeroes by @anatronen1971 in Houston, Texas --- #GlobalStreetArt #StreetArt #PaintedCitiesâ€¦"
22,"tag:search.twitter.com,2005:1254916870756540417",share,2020-04-27T23:34:31.000Z,": 200 hours later..ğŸ•ŠğŸŒŸ

â€¢Like, Repost, &amp; ShareğŸ’œ 

art painting mural artist portrait abstract artbasel kobebryant ripkobâ€¦","{'id': 'id:twitter.com:1053006595582504961', 'displayName': 'Young', 'preferredUsername': 'MosleyStuckey'}","['art', 'painting', 'mural', 'artist', 'portrait', 'abstract', 'artbasel', 'kobebryant']","[{'name': 'Cam Smith', 'screen_name': 'Cds4sho'}]",en,"RT @Cds4sho: 200 hours later..ğŸ•ŠğŸŒŸ â€¢Like, Repost, &amp; ShareğŸ’œ #art #painting #mural #artist #portrait #abstract #artbasel #kobebryant #ripkobâ€¦","RT @Cds4sho: 200 hours later..ğŸ•ŠğŸŒŸ â€¢Like, Repost, &amp; ShareğŸ’œ #art #painting #mural #artist #portrait #abstract #artbasel #kobebryant #ripkobâ€¦"
23,"tag:search.twitter.com,2005:1254916420728688640",post,2020-04-27T23:32:44.000Z,      â€¦ ,"{'id': 'id:twitter.com:2663369874', 'displayName': 'Sasha', 'preferredUsername': 'SashaEats'}",[],"[{'name': 'Steve Kubota', 'screen_name': 'SteveKubota'}, {'name': 'Cynthia | Adventuring Woman', 'screen_name': 'Adventuringgal'}, {'name': 'Charles McCool âœˆï¸', 'screen_name': 'CharlesMcCool'}, {'name': 'Alana | Course Charted âœˆ', 'screen_name': 'CourseCharted'}, {'name': 'Mad Hatters NYC', 'screen_name': 'MadHattersNYC'}, {'name': 'Lori @SouthernerSays', 'screen_name': 'SouthernerSays'}, {'name': 'Discover Atlanta', 'screen_name': 'DiscoverAtlanta'}]",en,@SteveKubota @Adventuringgal @CharlesMcCool @CourseCharted @MadHattersNYC @SouthernerSays @DiscoverAtlantaâ€¦ https://t.co/9J4eNMM67R,@SteveKubota @Adventuringgal @CharlesMcCool @CourseCharted @MadHattersNYC @SouthernerSays @DiscoverAtlantaâ€¦ 
24,"tag:search.twitter.com,2005:1254916178293796872",share,2020-04-27T23:31:46.000Z,:         â€¦,"{'id': 'id:twitter.com:2663369874', 'displayName': 'Sasha', 'preferredUsername': 'SashaEats'}",[],"[{'name': 'Steve Kubota', 'screen_name': 'SteveKubota'}, {'name': 'Sasha', 'screen_name': 'SashaEats'}, {'name': 'Cynthia | Adventuring Woman', 'screen_name': 'Adventuringgal'}, {'name': 'Charles McCool âœˆï¸', 'screen_name': 'CharlesMcCool'}, {'name': 'Alana | Course Charted âœˆ', 'screen_name': 'CourseCharted'}, {'name': 'Mad Hatters NYC', 'screen_name': 'MadHattersNYC'}, {'name': 'Lori @SouthernerSays', 'screen_name': 'SouthernerSays'}, {'name': 'Discover Atlanta', 'screen_name': 'DiscoverAtlanta'}, {'name': 'Aza at home', 'screen_name': 'poetixtrip'}]",en,RT @SteveKubota: @SashaEats @Adventuringgal @CharlesMcCool @CourseCharted @MadHattersNYC @SouthernerSays @DiscoverAtlanta @poetixtrip @Popiâ€¦,RT @SteveKubota: @SashaEats @Adventuringgal @CharlesMcCool @CourseCharted @MadHattersNYC @SouthernerSays @DiscoverAtlanta @poetixtrip @Popiâ€¦
25,"tag:search.twitter.com,2005:1254915529560723459",share,2020-04-27T23:29:12.000Z,: ... and then it will still be that bench... to see us in love... embrace each other. We love in trust â¤ï¸ Art by Alice Pâ€¦,"{'id': 'id:twitter.com:1099615236', 'displayName': 'Paolo Manenti #SixStarFinisher', 'preferredUsername': 'palectric'}",[],"[{'name': 'One World Street Art', 'screen_name': 'StreetArtDream'}]",en,RT @StreetArtDream: ... and then it will still be that bench... to see us in love... embrace each other. We love in trust â¤ï¸ Art by Alice Pâ€¦,RT @StreetArtDream: ... and then it will still be that bench... to see us in love... embrace each other. We love in trust â¤ï¸ Art by Alice Pâ€¦
26,"tag:search.twitter.com,2005:1254913610830274565",share,2020-04-27T23:21:34.000Z,": streetart mural urbanart By JR Artist in NYC, USA.

A dancer confined to her box... ","{'id': 'id:twitter.com:276152227', 'displayName': 'msema', 'preferredUsername': 'hrvoji'}","['streetart', 'mural', 'urbanart']","[{'name': 'Jean-Pierre FIZAINE', 'screen_name': '95jpf'}]",en,"RT @95jpf: #streetart #mural #urbanart By JR Artist in NYC, USA. A dancer confined to her box... https://t.co/a8Jh8TxWRE","RT @95jpf: #streetart #mural #urbanart By JR Artist in NYC, USA. A dancer confined to her box... "
27,"tag:search.twitter.com,2005:1254913371918553089",share,2020-04-27T23:20:37.000Z,": ...  take care of yourself, protect your heart, love yourself. Do not lose hope, choose colors. Art by Mawe RFK &amp;  Growâ€¦","{'id': 'id:twitter.com:1099615236', 'displayName': 'Paolo Manenti #SixStarFinisher', 'preferredUsername': 'palectric'}",[],"[{'name': 'One World Street Art', 'screen_name': 'StreetArtDream'}]",en,"RT @StreetArtDream: ... take care of yourself, protect your heart, love yourself. Do not lose hope, choose colors. Art by Mawe RFK &amp; Growâ€¦","RT @StreetArtDream: ... take care of yourself, protect your heart, love yourself. Do not lose hope, choose colors. Art by Mawe RFK &amp; Growâ€¦"
28,"tag:search.twitter.com,2005:1254913301613621248",post,2020-04-27T23:20:20.000Z,The best NYC street art inspired by our surreal times â¦â© NewYork StreetArt pandemic coronavirus  ,"{'id': 'id:twitter.com:3267898695', 'displayName': 'Anthony Pearson', 'preferredUsername': 'PearsonPoetry'}","['NewYork', 'StreetArt', 'pandemic', 'coronavirus']","[{'name': 'Time Out New York', 'screen_name': 'TimeOutNewYork'}]",en,The best NYC street art inspired by our surreal times â¦@TimeOutNewYorkâ© #NewYork #StreetArt #pandemic #coronavirus https://t.co/PMzpLqpb57,The best NYC street art inspired by our surreal times â¦@TimeOutNewYorkâ© #NewYork #StreetArt #pandemic #coronavirus 
29,"tag:search.twitter.com,2005:1254913125431873536",share,2020-04-27T23:19:38.000Z,": ... not all wars are fought in the same way. New eras, new wars, new weapons. Art by Hijack StreetArt Art War Coronâ€¦","{'id': 'id:twitter.com:855521607196061696', 'displayName': 'vagdog', 'preferredUsername': 'vagnaoumi'}","['StreetArt', 'Art', 'War']","[{'name': 'One World Street Art', 'screen_name': 'StreetArtDream'}]",en,"RT @StreetArtDream: ... not all wars are fought in the same way. New eras, new wars, new weapons. Art by Hijack #StreetArt #Art #War #Coronâ€¦","RT @StreetArtDream: ... not all wars are fought in the same way. New eras, new wars, new weapons. Art by Hijack #StreetArt #Art #War #Coronâ€¦"
30,"tag:search.twitter.com,2005:1254912703233130506",share,2020-04-27T23:17:58.000Z,": ğŸ”¥ğŸ‘ŒNUEVO VIDEO EN EL CANAL!!!! HACIENDO STICKERS CHINGONES UWU ğŸ‘ŒğŸ”¥

ğŸš¨ğŸš¨ANARCO-ADVENTURE ISLAND | SPEEDA| STICKERSLAP / ARâ€¦","{'id': 'id:twitter.com:3784241173', 'displayName': 'Naira', 'preferredUsername': 'NairaPJ'}",[],"[{'name': 'ğŸ”¥ğŸ”¥ PIXEL RUTH ART!ğŸ”¥ğŸ”¥', 'screen_name': 'PixelRuthArt'}]",en,RT @PixelRuthArt: ğŸ”¥ğŸ‘ŒNUEVO VIDEO EN EL CANAL!!!! HACIENDO STICKERS CHINGONES UWU ğŸ‘ŒğŸ”¥ ğŸš¨ğŸš¨ANARCO-ADVENTURE ISLAND | SPEEDART | STICKERSLAP / ARâ€¦,RT @PixelRuthArt: ğŸ”¥ğŸ‘ŒNUEVO VIDEO EN EL CANAL!!!! HACIENDO STICKERS CHINGONES UWU ğŸ‘ŒğŸ”¥ ğŸš¨ğŸš¨ANARCO-ADVENTURE ISLAND | SPEEDART | STICKERSLAP / ARâ€¦
31,"tag:search.twitter.com,2005:1254912687810793473",post,2020-04-27T23:17:54.000Z,"Who washes their hands for 21 seconds? ThisGuy 

WashYourDamnHands MaskTheFuckUp SocialDistance LoganSquareâ€¦ ","{'id': 'id:twitter.com:54679583', 'displayName': 'emactweets', 'preferredUsername': 'emactweets'}","['ThisGuy', 'WashYourDamnHands', 'MaskTheFuckUp', 'SocialDistance', 'LoganSquare']",[],en,Who washes their hands for 21 seconds? #ThisGuy #WashYourDamnHands #MaskTheFuckUp #SocialDistance #LoganSquareâ€¦ https://t.co/a5P7oVwnKH,Who washes their hands for 21 seconds? #ThisGuy #WashYourDamnHands #MaskTheFuckUp #SocialDistance #LoganSquareâ€¦ 
32,"tag:search.twitter.com,2005:1254912322474139648",share,2020-04-27T23:16:27.000Z,": Thank you to our HealthcareHeroes by  in Houston, Texas
---
GlobalStreetArt StreetArt PaintedCitiesâ€¦","{'id': 'id:twitter.com:354098623', 'displayName': 'á´€Ê€á´› á´›á´€á´ á´€É´á´€', 'preferredUsername': 'arttavana'}",['HealthcareHeroes'],"[{'name': 'Global Street Art', 'screen_name': 'globalstreetart'}]",en,"RT @globalstreetart: Thank you to our #HealthcareHeroes by @anatronen1971 in Houston, Texas --- #GlobalStreetArt #StreetArt #PaintedCitiesâ€¦","RT @globalstreetart: Thank you to our #HealthcareHeroes by @anatronen1971 in Houston, Texas --- #GlobalStreetArt #StreetArt #PaintedCitiesâ€¦"
33,"tag:search.twitter.com,2005:1254912096648773633",post,2020-04-27T23:15:33.000Z,"When Biloxi Fire Dept. gets a report that CaLi RoBâ€™s new mural is fiiire... ğŸ¨ğŸ”¥

CaliRobCreations ArtistInMotionâ€¦ ","{'id': 'id:twitter.com:1391494658', 'displayName': 'Cali Rob', 'preferredUsername': 'MrCaLiRoB'}","['CaliRobCreations', 'ArtistInMotion']",[],en,When Biloxi Fire Dept. gets a report that CaLi RoBâ€™s new mural is fiiire... ğŸ¨ğŸ”¥ #CaliRobCreations #ArtistInMotionâ€¦ https://t.co/5dhsTX3LxK,When Biloxi Fire Dept. gets a report that CaLi RoBâ€™s new mural is fiiire... ğŸ¨ğŸ”¥ #CaliRobCreations #ArtistInMotionâ€¦ 
34,"tag:search.twitter.com,2005:1254911883003428864",post,2020-04-27T23:14:42.000Z,"...tbt that time in Belltown and the new feathers going up...ğŸ¨ adelerenault for belltowncorridor ğŸ‘Š
.
.
.
.
.â€¦ ","{'id': 'id:twitter.com:782760472550469633', 'displayName': 'dave lee', 'preferredUsername': 'pixelatedstreet'}",[],[],en,...tbt that time in Belltown and the new feathers going up...ğŸ¨ adelerenault for belltowncorridor ğŸ‘Š . . . . .â€¦ https://t.co/IXuBxCdTpL,...tbt that time in Belltown and the new feathers going up...ğŸ¨ adelerenault for belltowncorridor ğŸ‘Š . . . . .â€¦ 
35,"tag:search.twitter.com,2005:1254911693009936384",share,2020-04-27T23:13:57.000Z,": ...  take care of yourself, protect your heart, love yourself. Do not lose hope, choose colors. Art by Mawe RFK &amp;  Growâ€¦","{'id': 'id:twitter.com:2471235888', 'displayName': 'healthygoddess5', 'preferredUsername': 'healthygoddess5'}",[],"[{'name': 'One World Street Art', 'screen_name': 'StreetArtDream'}]",en,"RT @StreetArtDream: ... take care of yourself, protect your heart, love yourself. Do not lose hope, choose colors. Art by Mawe RFK &amp; Growâ€¦","RT @StreetArtDream: ... take care of yourself, protect your heart, love yourself. Do not lose hope, choose colors. Art by Mawe RFK &amp; Growâ€¦"
36,"tag:search.twitter.com,2005:1254911374062321664",share,2020-04-27T23:12:41.000Z,": ...  take care of yourself, protect your heart, love yourself. Do not lose hope, choose colors. Art by Mawe RFK &amp;  Growâ€¦","{'id': 'id:twitter.com:32880278', 'displayName': 'DREAMurray', 'preferredUsername': 'soca2k2'}",[],"[{'name': 'One World Street Art', 'screen_name': 'StreetArtDream'}]",en,"RT @StreetArtDream: ... take care of yourself, protect your heart, love yourself. Do not lose hope, choose colors. Art by Mawe RFK &amp; Growâ€¦","RT @StreetArtDream: ... take care of yourself, protect your heart, love yourself. Do not lose hope, choose colors. Art by Mawe RFK &amp; Growâ€¦"
37,"tag:search.twitter.com,2005:1254911341770551297",share,2020-04-27T23:12:33.000Z,"_Art: 'Animal from the Muppets' by Gnasher                     
in Hawley Street Camden Streetart ","{'id': 'id:twitter.com:4360790478', 'displayName': 'Zahra', 'preferredUsername': 'Zahra45662507'}","['Camden', 'Streetart']","[{'name': 'Indie Art', 'screen_name': 'Indie_Art'}]",en,RT @Indie_Art: 'Animal from the Muppets' by Gnasher in Hawley Street #Camden #Streetart https://t.co/yohmapoDb9,RT @Indie_Art: 'Animal from the Muppets' by Gnasher in Hawley Street #Camden #Streetart 
38,"tag:search.twitter.com,2005:1254911192969158656",share,2020-04-27T23:11:58.000Z,": ...  take care of yourself, protect your heart, love yourself. Do not lose hope, choose colors. Art by Mawe RFK &amp;  Growâ€¦","{'id': 'id:twitter.com:400469021', 'displayName': 'Jennifer Depew, RD', 'preferredUsername': 'deNutrients'}",[],"[{'name': 'One World Street Art', 'screen_name': 'StreetArtDream'}]",en,"RT @StreetArtDream: ... take care of yourself, protect your heart, love yourself. Do not lose hope, choose colors. Art by Mawe RFK &amp; Growâ€¦","RT @StreetArtDream: ... take care of yourself, protect your heart, love yourself. Do not lose hope, choose colors. Art by Mawe RFK &amp; Growâ€¦"
39,"tag:search.twitter.com,2005:1254910271342215170",share,2020-04-27T23:08:18.000Z,": ...  take care of yourself, protect your heart, love yourself. Do not lose hope, choose colors. Art by Mawe RFK &amp;  Growâ€¦","{'id': 'id:twitter.com:584834521', 'displayName': 'Vanka Pro', 'preferredUsername': 'vankapro'}",[],"[{'name': 'One World Street Art', 'screen_name': 'StreetArtDream'}]",en,"RT @StreetArtDream: ... take care of yourself, protect your heart, love yourself. Do not lose hope, choose colors. Art by Mawe RFK &amp; Growâ€¦","RT @StreetArtDream: ... take care of yourself, protect your heart, love yourself. Do not lose hope, choose colors. Art by Mawe RFK &amp; Growâ€¦"
40,"tag:search.twitter.com,2005:1254910236936343553",share,2020-04-27T23:08:10.000Z,": streetart mural urbanart By JR Artist in NYC, USA.

A dancer confined to her box... ","{'id': 'id:twitter.com:48042909', 'displayName': 'Savi Vila', 'preferredUsername': 'savivila'}","['streetart', 'mural', 'urbanart']","[{'name': 'Jean-Pierre FIZAINE', 'screen_name': '95jpf'}]",en,"RT @95jpf: #streetart #mural #urbanart By JR Artist in NYC, USA. A dancer confined to her box... https://t.co/a8Jh8TxWRE","RT @95jpf: #streetart #mural #urbanart By JR Artist in NYC, USA. A dancer confined to her box... "
41,"tag:search.twitter.com,2005:1254910212475060227",share,2020-04-27T23:08:04.000Z,": ...  take care of yourself, protect your heart, love yourself. Do not lose hope, choose colors. Art by Mawe RFK &amp;  Growâ€¦","{'id': 'id:twitter.com:1251346763685990403', 'displayName': 'scissor-me-timbers', 'preferredUsername': '82_8628_S_135'}",[],"[{'name': 'One World Street Art', 'screen_name': 'StreetArtDream'}]",en,"RT @StreetArtDream: ... take care of yourself, protect your heart, love yourself. Do not lose hope, choose colors. Art by Mawe RFK &amp; Growâ€¦","RT @StreetArtDream: ... take care of yourself, protect your heart, love yourself. Do not lose hope, choose colors. Art by Mawe RFK &amp; Growâ€¦"
42,"tag:search.twitter.com,2005:1254909880475029507",post,2020-04-27T23:06:45.000Z,â€œAlways take a banana to a party.â€ â€”  ğŸŒ StreetArt  weirdmonday DrWho ,"{'id': 'id:twitter.com:28429455', 'displayName': 'Molly Cantrell-Kraig ğŸ§ ', 'preferredUsername': 'mckra1g'}","['StreetArt', 'weirdmonday', 'DrWho']","[{'name': 'Steven Moffat', 'screen_name': 'StevenWMoffat'}]",en,â€œAlways take a banana to a party.â€ â€” @StevenWMoffat ğŸŒ #StreetArt #weirdmonday #DrWho https://t.co/5tx1HZoo3g,â€œAlways take a banana to a party.â€ â€” @StevenWMoffat ğŸŒ #StreetArt #weirdmonday #DrWho 
43,"tag:search.twitter.com,2005:1254909820588527617",share,2020-04-27T23:06:30.000Z,: ğŸ’ğŸ¸ğŸ·ğŸ¶ğŸŒˆğŸŒ…hamburg todayğŸŒ¸CherryBlossomğŸŒ¸ğŸ’HappyWeekend Friends!ğŸŒ¼ğŸŒ¾ğŸ¨Streetartâ¤ğŸŒ±ğŸŒ¼ğŸŒ¤ğŸ’–â˜®âœ¨â˜®peaceâ˜®âœ¨ğŸ’–âœ¨loveğŸ’–âœ¨ No war!ğŸŒğŸŒ³ğŸš´â€â™€ï¸ğŸ•ğŸ”ğŸ€ğŸŒ±ğŸ¥€ğŸŒ·COVIDãƒ¼19â€¦,"{'id': 'id:twitter.com:3158451439', 'displayName': 'RetweetğŸ”RğŸ”Us', 'preferredUsername': 'ejlazar'}","['hamburg', 'CherryBlossom', 'HappyWeekend', 'Streetart', 'COVIDãƒ¼19']","[{'name': 'Ceni', 'screen_name': 'peac4love'}]",en,RT @peac4love: ğŸ’ğŸ¸ğŸ·ğŸ¶ğŸŒˆğŸŒ…#hamburg todayğŸŒ¸#CherryBlossomğŸŒ¸ğŸ’#HappyWeekend Friends!ğŸŒ¼ğŸŒ¾ğŸ¨#Streetartâ¤ğŸŒ±ğŸŒ¼ğŸŒ¤ğŸ’–â˜®âœ¨â˜®peaceâ˜®âœ¨ğŸ’–âœ¨loveğŸ’–âœ¨ No war!ğŸŒğŸŒ³ğŸš´â€â™€ï¸ğŸ•ğŸ”ğŸ€ğŸŒ±ğŸ¥€ğŸŒ·#COVIDãƒ¼19â€¦,RT @peac4love: ğŸ’ğŸ¸ğŸ·ğŸ¶ğŸŒˆğŸŒ…#hamburg todayğŸŒ¸#CherryBlossomğŸŒ¸ğŸ’#HappyWeekend Friends!ğŸŒ¼ğŸŒ¾ğŸ¨#Streetartâ¤ğŸŒ±ğŸŒ¼ğŸŒ¤ğŸ’–â˜®âœ¨â˜®peaceâ˜®âœ¨ğŸ’–âœ¨loveğŸ’–âœ¨ No war!ğŸŒğŸŒ³ğŸš´â€â™€ï¸ğŸ•ğŸ”ğŸ€ğŸŒ±ğŸ¥€ğŸŒ·#COVIDãƒ¼19â€¦
44,"tag:search.twitter.com,2005:1254909257528598529",share,2020-04-27T23:04:16.000Z,": There are so many stunning murals in the Wat That Luang Neua temple in Vientiane, Laos.  They tell so many stories abâ€¦","{'id': 'id:twitter.com:2956736086', 'displayName': 'RoarLoud', 'preferredUsername': 'RoarLoudTravel'}","['Vientiane', 'Laos']","[{'name': 'LivingTheQLife | Travel Bloggers', 'screen_name': 'LivingTheQLife'}]",en,"RT @LivingTheQLife: There are so many stunning murals in the Wat That Luang Neua temple in #Vientiane, #Laos. They tell so many stories abâ€¦","RT @LivingTheQLife: There are so many stunning murals in the Wat That Luang Neua temple in #Vientiane, #Laos. They tell so many stories abâ€¦"
45,"tag:search.twitter.com,2005:1254909077337059328",post,2020-04-27T23:03:33.000Z,"A little something something. DM me if you want to buy it ğŸ‘Œ

clothingbrand clothingline streetart businessÂ â€¦ ","{'id': 'id:twitter.com:2405332422', 'displayName': 'ProtegeDesignsMarketing', 'preferredUsername': 'protegednm'}","['clothingbrand', 'clothingline', 'streetart', 'business']",[],en,A little something something. DM me if you want to buy it ğŸ‘Œ #clothingbrand #clothingline #streetart #business â€¦ https://t.co/ksZnYivLkf,A little something something. DM me if you want to buy it ğŸ‘Œ #clothingbrand #clothingline #streetart #business â€¦ 
46,"tag:search.twitter.com,2005:1254908972919926786",share,2020-04-27T23:03:08.000Z,": Itâ€™s MuralMonday, tweeps! Here are a few StreetArt pieces from Atlanta. UrbanArt PublicArt art ATL ğŸ¤¡ ","{'id': 'id:twitter.com:2956736086', 'displayName': 'RoarLoud', 'preferredUsername': 'RoarLoudTravel'}","['MuralMonday', 'StreetArt', 'UrbanArt', 'PublicArt', 'art', 'ATL']","[{'name': 'Sasha', 'screen_name': 'SashaEats'}]",en,"RT @SashaEats: Itâ€™s #MuralMonday, tweeps! Here are a few #StreetArt pieces from Atlanta. #UrbanArt #PublicArt #art #ATL ğŸ¤¡ https://t.co/OYqUâ€¦","RT @SashaEats: Itâ€™s #MuralMonday, tweeps! Here are a few #StreetArt pieces from Atlanta. #UrbanArt #PublicArt #art #ATL ğŸ¤¡ "
47,"tag:search.twitter.com,2005:1254908658183475205",share,2020-04-27T23:01:53.000Z,: ... and then it will still be that bench... to see us in love... embrace each other. We love in trust â¤ï¸ Art by Alice Pâ€¦,"{'id': 'id:twitter.com:318961669', 'displayName': 'Veronicum', 'preferredUsername': 'VMdesignblogg'}",[],"[{'name': 'One World Street Art', 'screen_name': 'StreetArtDream'}]",en,RT @StreetArtDream: ... and then it will still be that bench... to see us in love... embrace each other. We love in trust â¤ï¸ Art by Alice Pâ€¦,RT @StreetArtDream: ... and then it will still be that bench... to see us in love... embrace each other. We love in trust â¤ï¸ Art by Alice Pâ€¦
48,"tag:search.twitter.com,2005:1254908470312275968",share,2020-04-27T23:01:09.000Z,": 200 hours later..ğŸ•ŠğŸŒŸ

â€¢Like, Repost, &amp; ShareğŸ’œ 

art painting mural artist portrait abstract artbasel kobebryant ripkobâ€¦","{'id': 'id:twitter.com:427521990', 'displayName': 'Pretty Kynd', 'preferredUsername': 'PrettyKynd'}","['art', 'painting', 'mural', 'artist', 'portrait', 'abstract', 'artbasel', 'kobebryant']","[{'name': 'Cam Smith', 'screen_name': 'Cds4sho'}]",en,"RT @Cds4sho: 200 hours later..ğŸ•ŠğŸŒŸ â€¢Like, Repost, &amp; ShareğŸ’œ #art #painting #mural #artist #portrait #abstract #artbasel #kobebryant #ripkobâ€¦","RT @Cds4sho: 200 hours later..ğŸ•ŠğŸŒŸ â€¢Like, Repost, &amp; ShareğŸ’œ #art #painting #mural #artist #portrait #abstract #artbasel #kobebryant #ripkobâ€¦"
49,"tag:search.twitter.com,2005:1254908388737155075",share,2020-04-27T23:00:49.000Z,": ... don't stop dreaming, not now. Art by Bane in Limassol, Cyprus StreetArt Art Dreamers Hope Humanity Graffiti â€¦","{'id': 'id:twitter.com:1202201684946116610', 'displayName': 'HÃœ! Protect yourself. Exercises for everyone.', 'preferredUsername': 'LaureenRichar13'}","['StreetArt', 'Art', 'Dreamers', 'Hope', 'Humanity', 'Graffiti']","[{'name': 'One World Street Art', 'screen_name': 'StreetArtDream'}]",en,"RT @StreetArtDream: ... don't stop dreaming, not now. Art by Bane in Limassol, Cyprus #StreetArt #Art #Dreamers #Hope #Humanity #Graffiti #â€¦","RT @StreetArtDream: ... don't stop dreaming, not now. Art by Bane in Limassol, Cyprus #StreetArt #Art #Dreamers #Hope #Humanity #Graffiti #â€¦"
50,"tag:search.twitter.com,2005:1254908348601958404",share,2020-04-27T23:00:40.000Z,": Thank you to our HealthcareHeroes by  in Houston, Texas
---
GlobalStreetArt StreetArt PaintedCitiesâ€¦","{'id': 'id:twitter.com:2597295342', 'displayName': 'Sandra Monica Tofalo', 'preferredUsername': 'TofaloMonica'}",['HealthcareHeroes'],"[{'name': 'Global Street Art', 'screen_name': 'globalstreetart'}]",en,"RT @globalstreetart: Thank you to our #HealthcareHeroes by @anatronen1971 in Houston, Texas --- #GlobalStreetArt #StreetArt #PaintedCitiesâ€¦","RT @globalstreetart: Thank you to our #HealthcareHeroes by @anatronen1971 in Houston, Texas --- #GlobalStreetArt #StreetArt #PaintedCitiesâ€¦"
51,"tag:search.twitter.com,2005:1254908187058323456",share,2020-04-27T23:00:01.000Z,": No pants? No problem! The perks of working from home.
.
.
.
.
.
caseydrakemakes crayola disney disneyland disneywâ€¦","{'id': 'id:twitter.com:4675396970', 'displayName': 'Disney Dude', 'preferredUsername': 'DisneyDuder'}","['caseydrakemakes', 'crayola', 'disney', 'disneyland']","[{'name': None, 'screen_name': 'CaseyDrakeMakes'}]",en,RT @CaseyDrakeMakes: No pants? No problem! The perks of working from home. . . . . . #caseydrakemakes #crayola #disney #disneyland #disneywâ€¦,RT @CaseyDrakeMakes: No pants? No problem! The perks of working from home. . . . . . #caseydrakemakes #crayola #disney #disneyland #disneywâ€¦
52,"tag:search.twitter.com,2005:1254908113527988224",post,2020-04-27T22:59:43.000Z,"No pants? No problem! The perks of working from home.
.
.
.
.
.
caseydrakemakes crayola disney disneylandâ€¦ ","{'id': 'id:twitter.com:1254864765731721216', 'displayName': 'CaseyDrakeMakes', 'preferredUsername': 'CaseyDrakeMakes'}","['caseydrakemakes', 'crayola', 'disney', 'disneyland']",[],en,No pants? No problem! The perks of working from home. . . . . . #caseydrakemakes #crayola #disney #disneylandâ€¦ https://t.co/4qYN1mLYpS,No pants? No problem! The perks of working from home. . . . . . #caseydrakemakes #crayola #disney #disneylandâ€¦ 
53,"tag:search.twitter.com,2005:1254907986033721344",share,2020-04-27T22:59:13.000Z,": ... don't stop dreaming, not now. Art by Bane in Limassol, Cyprus StreetArt Art Dreamers Hope Humanity Graffiti â€¦","{'id': 'id:twitter.com:753822856161603584', 'displayName': 'arimar', 'preferredUsername': 'buksmar'}","['StreetArt', 'Art', 'Dreamers', 'Hope', 'Humanity', 'Graffiti']","[{'name': 'One World Street Art', 'screen_name': 'StreetArtDream'}]",en,"RT @StreetArtDream: ... don't stop dreaming, not now. Art by Bane in Limassol, Cyprus #StreetArt #Art #Dreamers #Hope #Humanity #Graffiti #â€¦","RT @StreetArtDream: ... don't stop dreaming, not now. Art by Bane in Limassol, Cyprus #StreetArt #Art #Dreamers #Hope #Humanity #Graffiti #â€¦"
54,"tag:search.twitter.com,2005:1254907715874426880",post,2020-04-27T22:58:09.000Z,Today is our 15th year anniversary. I wrote this before I painted it the new color. anniversary love more ihelpâ€¦ ,"{'id': 'id:twitter.com:33464655', 'displayName': 'Jonathan Root', 'preferredUsername': 'jonathanroot'}","['anniversary', 'love', 'more', 'ihelp']",[],en,Today is our 15th year anniversary. I wrote this before I painted it the new color. #anniversary #love #more #ihelpâ€¦ https://t.co/DLSQEaqoDi,Today is our 15th year anniversary. I wrote this before I painted it the new color. #anniversary #love #more #ihelpâ€¦ 
55,"tag:search.twitter.com,2005:1254906988724617218",share,2020-04-27T22:55:15.000Z,": 200 hours later..ğŸ•ŠğŸŒŸ

â€¢Like, Repost, &amp; ShareğŸ’œ 

art painting mural artist portrait abstract artbasel kobebryant ripkobâ€¦","{'id': 'id:twitter.com:870103954532814852', 'displayName': 'Fatboy Tater', 'preferredUsername': 'TadariusHall'}","['art', 'painting', 'mural', 'artist', 'portrait', 'abstract', 'artbasel', 'kobebryant']","[{'name': 'Cam Smith', 'screen_name': 'Cds4sho'}]",en,"RT @Cds4sho: 200 hours later..ğŸ•ŠğŸŒŸ â€¢Like, Repost, &amp; ShareğŸ’œ #art #painting #mural #artist #portrait #abstract #artbasel #kobebryant #ripkobâ€¦","RT @Cds4sho: 200 hours later..ğŸ•ŠğŸŒŸ â€¢Like, Repost, &amp; ShareğŸ’œ #art #painting #mural #artist #portrait #abstract #artbasel #kobebryant #ripkobâ€¦"
56,"tag:search.twitter.com,2005:1254906789914726401",share,2020-04-27T22:54:28.000Z,": 200 hours later..ğŸ•ŠğŸŒŸ

â€¢Like, Repost, &amp; ShareğŸ’œ 

art painting mural artist portrait abstract artbasel kobebryant ripkobâ€¦","{'id': 'id:twitter.com:474456461', 'displayName': 'G ğŸÂ®', 'preferredUsername': 'Dxuce__'}","['art', 'painting', 'mural', 'artist', 'portrait', 'abstract', 'artbasel', 'kobebryant']","[{'name': 'Cam Smith', 'screen_name': 'Cds4sho'}]",en,"RT @Cds4sho: 200 hours later..ğŸ•ŠğŸŒŸ â€¢Like, Repost, &amp; ShareğŸ’œ #art #painting #mural #artist #portrait #abstract #artbasel #kobebryant #ripkobâ€¦","RT @Cds4sho: 200 hours later..ğŸ•ŠğŸŒŸ â€¢Like, Repost, &amp; ShareğŸ’œ #art #painting #mural #artist #portrait #abstract #artbasel #kobebryant #ripkobâ€¦"
57,"tag:search.twitter.com,2005:1254906729185361922",post,2020-04-27T22:54:13.000Z,"Ally art in Sydney. 
.
.
.
sexwitch byenewzealand graffitti vidastyle graffitiart daddylovesyou iseefacesâ€¦ ","{'id': 'id:twitter.com:1202647197960900608', 'displayName': 'ruth o arabia', 'preferredUsername': 'arabia_o'}","['sexwitch', 'byenewzealand', 'graffitti', 'vidastyle', 'graffitiart', 'daddylovesyou', 'iseefaces']",[],en,Ally art in Sydney. . . . #sexwitch #byenewzealand #graffitti #vidastyle #graffitiart #daddylovesyou #iseefacesâ€¦ https://t.co/x5Lh0z9cpf,Ally art in Sydney. . . . #sexwitch #byenewzealand #graffitti #vidastyle #graffitiart #daddylovesyou #iseefacesâ€¦ 
58,"tag:search.twitter.com,2005:1254906496607019009",post,2020-04-27T22:53:18.000Z,"globalstreetart : Thank you to our HealthcareHeroes by anatronen1971 in Houston, Texas
---
GlobalStreetArtâ€¦ ","{'id': 'id:twitter.com:789942256237211657', 'displayName': 'danny wish', 'preferredUsername': 'dannywishu'}","['HealthcareHeroes', 'GlobalStreetArt']",[],en,"RT globalstreetart : Thank you to our #HealthcareHeroes by anatronen1971 in Houston, Texas --- #GlobalStreetArtâ€¦ https://t.co/AosT1QpEbM","RT globalstreetart : Thank you to our #HealthcareHeroes by anatronen1971 in Houston, Texas --- #GlobalStreetArtâ€¦ "
59,"tag:search.twitter.com,2005:1254906249348554754",post,2020-04-27T22:52:19.000Z,"Less albums 

artoftheday style portrait creative tattoo ink bhfyp cute sketchbook travel paint beautyâ€¦ ","{'id': 'id:twitter.com:810789987209854976', 'displayName': 'Nihlok Art', 'preferredUsername': 'Nihlok'}","['artoftheday', 'style', 'portrait', 'creative', 'tattoo', 'ink', 'bhfyp', 'cute', 'sketchbook', 'travel', 'paint', 'beauty']",[],en,Less albums #artoftheday #style #portrait #creative #tattoo #ink #bhfyp #cute #sketchbook #travel #paint #beautyâ€¦ https://t.co/pzeHePh7QW,Less albums #artoftheday #style #portrait #creative #tattoo #ink #bhfyp #cute #sketchbook #travel #paint #beautyâ€¦ 
60,"tag:search.twitter.com,2005:1254905758803800065",share,2020-04-27T22:50:22.000Z,: ... and then it will still be that bench... to see us in love... embrace each other. We love in trust â¤ï¸ Art by Alice Pâ€¦,"{'id': 'id:twitter.com:1076171019851841536', 'displayName': 'Jonno WoofÉ™', 'preferredUsername': 'JoniWoof'}",[],"[{'name': 'One World Street Art', 'screen_name': 'StreetArtDream'}]",en,RT @StreetArtDream: ... and then it will still be that bench... to see us in love... embrace each other. We love in trust â¤ï¸ Art by Alice Pâ€¦,RT @StreetArtDream: ... and then it will still be that bench... to see us in love... embrace each other. We love in trust â¤ï¸ Art by Alice Pâ€¦
61,"tag:search.twitter.com,2005:1254905029829500931",post,2020-04-27T22:47:28.000Z,"â€œLike a boxer trains for a fight, a photographer needs to practice by getting out and taking pictures every dayâ€.â€¦ ","{'id': 'id:twitter.com:877231060177768448', 'displayName': 'Matt Paijan', 'preferredUsername': 'MattPaijan'}",[],[],en,"â€œLike a boxer trains for a fight, a photographer needs to practice by getting out and taking pictures every dayâ€.â€¦ https://t.co/7ozRawche5","â€œLike a boxer trains for a fight, a photographer needs to practice by getting out and taking pictures every dayâ€.â€¦ "
62,"tag:search.twitter.com,2005:1254904418195197952",post,2020-04-27T22:45:02.000Z,"Skateboarder

streetphotography StreetArt graffiti ","{'id': 'id:twitter.com:1209811347908825088', 'displayName': 'Reid Baptiste', 'preferredUsername': 'BaptisteReid'}","['streetphotography', 'StreetArt', 'graffiti']",[],en,Skateboarder #streetphotography #StreetArt #graffiti https://t.co/tlRgdMqkMR,Skateboarder #streetphotography #StreetArt #graffiti 
63,"tag:search.twitter.com,2005:1254904393981399043",share,2020-04-27T22:44:57.000Z,": ... don't stop dreaming, not now. Art by Bane in Limassol, Cyprus StreetArt Art Dreamers Hope Humanity Graffiti â€¦","{'id': 'id:twitter.com:628666358', 'displayName': 'rawilson', 'preferredUsername': 'rawilson1610'}","['StreetArt', 'Art', 'Dreamers', 'Hope', 'Humanity', 'Graffiti']","[{'name': 'One World Street Art', 'screen_name': 'StreetArtDream'}]",en,"RT @StreetArtDream: ... don't stop dreaming, not now. Art by Bane in Limassol, Cyprus #StreetArt #Art #Dreamers #Hope #Humanity #Graffiti #â€¦","RT @StreetArtDream: ... don't stop dreaming, not now. Art by Bane in Limassol, Cyprus #StreetArt #Art #Dreamers #Hope #Humanity #Graffiti #â€¦"
64,"tag:search.twitter.com,2005:1254904038581170176",share,2020-04-27T22:43:32.000Z,": Out and About! Catching some rays, pics and vibes! â˜€ï¸ğŸ“¸ğŸ¨

ğŸ“¸: 

CKMğŸ MBKEğŸŒ SunnyDays TrainTracks Graffitiâ€¦","{'id': 'id:twitter.com:481611526', 'displayName': 'DisputeOne', 'preferredUsername': 'DisputeOne'}","['CKM', 'MBKE', 'SunnyDays', 'TrainTracks', 'Graffiti']","[{'name': 'Culture Keepers Media', 'screen_name': 'KeepersMedia'}, {'name': 'Soul Reflect', 'screen_name': 'SoulReflect'}]",en,"RT @KeepersMedia: Out and About! Catching some rays, pics and vibes! â˜€ï¸ğŸ“¸ğŸ¨ ğŸ“¸: @SoulReflect #CKMğŸ #MBKEğŸŒ #SunnyDays #TrainTracks #Graffitiâ€¦","RT @KeepersMedia: Out and About! Catching some rays, pics and vibes! â˜€ï¸ğŸ“¸ğŸ¨ ğŸ“¸: @SoulReflect #CKMğŸ #MBKEğŸŒ #SunnyDays #TrainTracks #Graffitiâ€¦"
65,"tag:search.twitter.com,2005:1254903972592103424",share,2020-04-27T22:43:16.000Z,": Out and About! Catching some rays, pics and vibes! â˜€ï¸ğŸ“¸ğŸ¨

ğŸ“¸: 

CKMğŸ MBKEğŸŒ SunnyDays TrainTracks Graffitiâ€¦","{'id': 'id:twitter.com:2281968163', 'displayName': ""My Brother's Keeper Enterprises"", 'preferredUsername': 'MBKEnterprises'}","['CKM', 'MBKE', 'SunnyDays', 'TrainTracks', 'Graffiti']","[{'name': 'Culture Keepers Media', 'screen_name': 'KeepersMedia'}, {'name': 'Soul Reflect', 'screen_name': 'SoulReflect'}]",en,"RT @KeepersMedia: Out and About! Catching some rays, pics and vibes! â˜€ï¸ğŸ“¸ğŸ¨ ğŸ“¸: @SoulReflect #CKMğŸ #MBKEğŸŒ #SunnyDays #TrainTracks #Graffitiâ€¦","RT @KeepersMedia: Out and About! Catching some rays, pics and vibes! â˜€ï¸ğŸ“¸ğŸ¨ ğŸ“¸: @SoulReflect #CKMğŸ #MBKEğŸŒ #SunnyDays #TrainTracks #Graffitiâ€¦"
66,"tag:search.twitter.com,2005:1254903885921161221",post,2020-04-27T22:42:56.000Z,"""The Apple"" by MikeGoochProductions

nycphotographer FollowThisPhotoGuy PhotographyIsArt photoofthedayâ€¦ ","{'id': 'id:twitter.com:959251223546355721', 'displayName': 'Mike Gooch', 'preferredUsername': 'MikeGooch_Pics'}","['MikeGoochProductions', 'nycphotographer', 'FollowThisPhotoGuy', 'PhotographyIsArt', 'photooftheday']",[],en,"""The Apple"" by #MikeGoochProductions #nycphotographer #FollowThisPhotoGuy #PhotographyIsArt #photoofthedayâ€¦ https://t.co/S2d79d325n","""The Apple"" by #MikeGoochProductions #nycphotographer #FollowThisPhotoGuy #PhotographyIsArt #photoofthedayâ€¦ "
67,"tag:search.twitter.com,2005:1254903829130330112",post,2020-04-27T22:42:42.000Z,"Stop evictions ,Australia.....
.
.
australianpolice australia sydneyaustralia sydney sydneyart posterdesignâ€¦ ","{'id': 'id:twitter.com:1202647197960900608', 'displayName': 'ruth o arabia', 'preferredUsername': 'arabia_o'}","['australianpolice', 'australia', 'sydneyaustralia', 'sydney', 'sydneyart', 'posterdesign']",[],en,"Stop evictions ,Australia..... . . #australianpolice #australia #sydneyaustralia #sydney #sydneyart #posterdesignâ€¦ https://t.co/FRTiWqKlPG","Stop evictions ,Australia..... . . #australianpolice #australia #sydneyaustralia #sydney #sydneyart #posterdesignâ€¦ "
68,"tag:search.twitter.com,2005:1254903828438228996",share,2020-04-27T22:42:42.000Z,: Has Banksy supplied PPE to Bristol? ğŸ¤”ğŸ˜· banksy ppe bristol art streetart graffitiart photographyart photographyâ€¦,"{'id': 'id:twitter.com:1189045570553483265', 'displayName': 'Gina', 'preferredUsername': 'Spider_Gina'}","['banksy', 'ppe', 'bristol', 'art', 'streetart', 'graffitiart', 'photographyart', 'photography']","[{'name': 'Jensonâ€™s Art Cafe', 'screen_name': 'Jensonsartcafe'}]",en,RT @Jensonsartcafe: Has Banksy supplied PPE to Bristol? ğŸ¤”ğŸ˜· #banksy #ppe #bristol #art #streetart #graffitiart #photographyart #photographyâ€¦,RT @Jensonsartcafe: Has Banksy supplied PPE to Bristol? ğŸ¤”ğŸ˜· #banksy #ppe #bristol #art #streetart #graffitiart #photographyart #photographyâ€¦
69,"tag:search.twitter.com,2005:1254903469787344902",post,2020-04-27T22:41:16.000Z,"Fun turtle canvas for  
Ninja Turtle Vibes... I might use that for a song...
- 28
-
-
-
streetart graffitiâ€¦ ","{'id': 'id:twitter.com:1047586358615654400', 'displayName': 'Reggie Gamboa', 'preferredUsername': 'Lase28_'}","['streetart', 'graffiti']","[{'name': 'Leonardo Hernandez', 'screen_name': 'he3550'}]",en,Fun turtle canvas for @he3550 Ninja Turtle Vibes... I might use that for a song... - 28 - - - #streetart #graffitiâ€¦ https://t.co/DAZuiec0yL,Fun turtle canvas for @he3550 Ninja Turtle Vibes... I might use that for a song... - 28 - - - #streetart #graffitiâ€¦ 
70,"tag:search.twitter.com,2005:1254903191633887236",share,2020-04-27T22:40:10.000Z,": 200 hours later..ğŸ•ŠğŸŒŸ

â€¢Like, Repost, &amp; ShareğŸ’œ 

art painting mural artist portrait abstract artbasel kobebryant ripkobâ€¦","{'id': 'id:twitter.com:323475990', 'displayName': 'Dolla BillğŸ‘¨ğŸ½\u200dğŸ³', 'preferredUsername': 'BeShingles22'}","['art', 'painting', 'mural', 'artist', 'portrait', 'abstract', 'artbasel', 'kobebryant']","[{'name': 'Cam Smith', 'screen_name': 'Cds4sho'}]",en,"RT @Cds4sho: 200 hours later..ğŸ•ŠğŸŒŸ â€¢Like, Repost, &amp; ShareğŸ’œ #art #painting #mural #artist #portrait #abstract #artbasel #kobebryant #ripkobâ€¦","RT @Cds4sho: 200 hours later..ğŸ•ŠğŸŒŸ â€¢Like, Repost, &amp; ShareğŸ’œ #art #painting #mural #artist #portrait #abstract #artbasel #kobebryant #ripkobâ€¦"
71,"tag:search.twitter.com,2005:1254903184470016002",share,2020-04-27T22:40:08.000Z,": Out and About! Catching some rays, pics and vibes! â˜€ï¸ğŸ“¸ğŸ¨

ğŸ“¸: 

CKMğŸ MBKEğŸŒ SunnyDays TrainTracks Graffitiâ€¦","{'id': 'id:twitter.com:831489780152168449', 'displayName': 'nature and wildlife', 'preferredUsername': 'wildlife__pics'}","['CKM', 'MBKE', 'SunnyDays', 'TrainTracks', 'Graffiti']","[{'name': 'Culture Keepers Media', 'screen_name': 'KeepersMedia'}, {'name': 'Soul Reflect', 'screen_name': 'SoulReflect'}]",en,"RT @KeepersMedia: Out and About! Catching some rays, pics and vibes! â˜€ï¸ğŸ“¸ğŸ¨ ğŸ“¸: @SoulReflect #CKMğŸ #MBKEğŸŒ #SunnyDays #TrainTracks #Graffitiâ€¦","RT @KeepersMedia: Out and About! Catching some rays, pics and vibes! â˜€ï¸ğŸ“¸ğŸ¨ ğŸ“¸: @SoulReflect #CKMğŸ #MBKEğŸŒ #SunnyDays #TrainTracks #Graffitiâ€¦"
72,"tag:search.twitter.com,2005:1254903122503372802",share,2020-04-27T22:39:54.000Z,": ... don't stop dreaming, not now. Art by Bane in Limassol, Cyprus StreetArt Art Dreamers Hope Humanity Graffiti â€¦","{'id': 'id:twitter.com:1218569249385521159', 'displayName': 'Giul', 'preferredUsername': 'Giul37497423'}","['StreetArt', 'Art', 'Dreamers', 'Hope', 'Humanity', 'Graffiti']","[{'name': 'One World Street Art', 'screen_name': 'StreetArtDream'}]",en,"RT @StreetArtDream: ... don't stop dreaming, not now. Art by Bane in Limassol, Cyprus #StreetArt #Art #Dreamers #Hope #Humanity #Graffiti #â€¦","RT @StreetArtDream: ... don't stop dreaming, not now. Art by Bane in Limassol, Cyprus #StreetArt #Art #Dreamers #Hope #Humanity #Graffiti #â€¦"
73,"tag:search.twitter.com,2005:1254902972414398466",share,2020-04-27T22:39:18.000Z,": Streetart by JW Mind Strike in Mimon, CzechRepublic art ","{'id': 'id:twitter.com:888150152967585794', 'displayName': 'Clinton C âœª', 'preferredUsername': 'C_clinton_'}","['Streetart', 'CzechRepublic', 'art']","[{'name': 'Nick C. Roberts', 'screen_name': 'robertsnickc'}]",en,"RT @robertsnickc: #Streetart by JW Mind Strike in Mimon, #CzechRepublic #art https://t.co/uIVfw5eXlm","RT @robertsnickc: #Streetart by JW Mind Strike in Mimon, #CzechRepublic #art "
74,"tag:search.twitter.com,2005:1254902906236502016",post,2020-04-27T22:39:02.000Z,      â€¦ ,"{'id': 'id:twitter.com:301054898', 'displayName': 'Steve Kubota', 'preferredUsername': 'SteveKubota'}",[],"[{'name': 'Sasha', 'screen_name': 'SashaEats'}, {'name': 'Cynthia | Adventuring Woman', 'screen_name': 'Adventuringgal'}, {'name': 'Charles McCool âœˆï¸', 'screen_name': 'CharlesMcCool'}, {'name': 'Alana | Course Charted âœˆ', 'screen_name': 'CourseCharted'}, {'name': 'Mad Hatters NYC', 'screen_name': 'MadHattersNYC'}, {'name': 'Lori @SouthernerSays', 'screen_name': 'SouthernerSays'}, {'name': 'Discover Atlanta', 'screen_name': 'DiscoverAtlanta'}]",en,@SashaEats @Adventuringgal @CharlesMcCool @CourseCharted @MadHattersNYC @SouthernerSays @DiscoverAtlantaâ€¦ https://t.co/9Ox0Nn2yzh,@SashaEats @Adventuringgal @CharlesMcCool @CourseCharted @MadHattersNYC @SouthernerSays @DiscoverAtlantaâ€¦ 
75,"tag:search.twitter.com,2005:1254902895306211329",share,2020-04-27T22:38:59.000Z,": ... don't stop dreaming, not now. Art by Bane in Limassol, Cyprus StreetArt Art Dreamers Hope Humanity Graffiti â€¦","{'id': 'id:twitter.com:851027607743279104', 'displayName': 'Son of Osiris', 'preferredUsername': 'Usernamedj101'}","['StreetArt', 'Art', 'Dreamers', 'Hope', 'Humanity', 'Graffiti']","[{'name': 'One World Street Art', 'screen_name': 'StreetArtDream'}]",en,"RT @StreetArtDream: ... don't stop dreaming, not now. Art by Bane in Limassol, Cyprus #StreetArt #Art #Dreamers #Hope #Humanity #Graffiti #â€¦","RT @StreetArtDream: ... don't stop dreaming, not now. Art by Bane in Limassol, Cyprus #StreetArt #Art #Dreamers #Hope #Humanity #Graffiti #â€¦"
76,"tag:search.twitter.com,2005:1254902840050368512",post,2020-04-27T22:38:46.000Z,"Out and About! Catching some rays, pics and vibes! â˜€ï¸ğŸ“¸ğŸ¨

ğŸ“¸: 

CKMğŸ MBKEğŸŒ SunnyDays TrainTracksâ€¦ ","{'id': 'id:twitter.com:1186619048655761409', 'displayName': 'Culture Keepers Media', 'preferredUsername': 'KeepersMedia'}","['CKM', 'MBKE', 'SunnyDays', 'TrainTracks']","[{'name': 'Soul Reflect', 'screen_name': 'SoulReflect'}]",en,"Out and About! Catching some rays, pics and vibes! â˜€ï¸ğŸ“¸ğŸ¨ ğŸ“¸: @SoulReflect #CKMğŸ #MBKEğŸŒ #SunnyDays #TrainTracksâ€¦ https://t.co/uyy1hPdPdA","Out and About! Catching some rays, pics and vibes! â˜€ï¸ğŸ“¸ğŸ¨ ğŸ“¸: @SoulReflect #CKMğŸ #MBKEğŸŒ #SunnyDays #TrainTracksâ€¦ "
77,"tag:search.twitter.com,2005:1254902725692833793",post,2020-04-27T22:38:19.000Z,Monday graffiti spraypaint streetart urbanart trash littering co2cartridges bike cycling solocyclingâ€¦ ,"{'id': 'id:twitter.com:375115638', 'displayName': 'Mark Frazier', 'preferredUsername': 'Poaceaewave'}","['Monday', 'graffiti', 'spraypaint', 'streetart', 'urbanart', 'trash', 'littering', 'co2cartridges', 'bike', 'cycling', 'solocycling']",[],en,#Monday #graffiti #spraypaint #streetart #urbanart #trash #littering #co2cartridges #bike #cycling #solocyclingâ€¦ https://t.co/645WQGvkYN,#Monday #graffiti #spraypaint #streetart #urbanart #trash #littering #co2cartridges #bike #cycling #solocyclingâ€¦ 
78,"tag:search.twitter.com,2005:1254902309819015168",share,2020-04-27T22:36:40.000Z,": Streetart by JW Mind Strike in Mimon, CzechRepublic art ","{'id': 'id:twitter.com:1727205086', 'displayName': 'Chanya', 'preferredUsername': 'chanyatang2'}","['Streetart', 'CzechRepublic', 'art']","[{'name': 'Nick C. Roberts', 'screen_name': 'robertsnickc'}]",en,"RT @robertsnickc: #Streetart by JW Mind Strike in Mimon, #CzechRepublic #art https://t.co/uIVfw5eXlm","RT @robertsnickc: #Streetart by JW Mind Strike in Mimon, #CzechRepublic #art "
79,"tag:search.twitter.com,2005:1254902107129421824",share,2020-04-27T22:35:51.000Z,": ... don't stop dreaming, not now. Art by Bane in Limassol, Cyprus StreetArt Art Dreamers Hope Humanity Graffiti â€¦","{'id': 'id:twitter.com:3535034658', 'displayName': 'Ø±Ø¶ÙˆØ§Ù†', 'preferredUsername': 'culiraj'}","['StreetArt', 'Art', 'Dreamers', 'Hope', 'Humanity', 'Graffiti']","[{'name': 'One World Street Art', 'screen_name': 'StreetArtDream'}]",en,"RT @StreetArtDream: ... don't stop dreaming, not now. Art by Bane in Limassol, Cyprus #StreetArt #Art #Dreamers #Hope #Humanity #Graffiti #â€¦","RT @StreetArtDream: ... don't stop dreaming, not now. Art by Bane in Limassol, Cyprus #StreetArt #Art #Dreamers #Hope #Humanity #Graffiti #â€¦"
80,"tag:search.twitter.com,2005:1254901850819739648",share,2020-04-27T22:34:50.000Z,": ...  take care of yourself, protect your heart, love yourself. Do not lose hope, choose colors. Art by Mawe RFK &amp;  Growâ€¦","{'id': 'id:twitter.com:1165354056', 'displayName': 'amyo', 'preferredUsername': 'CLERMONTABROAD'}",[],"[{'name': 'One World Street Art', 'screen_name': 'StreetArtDream'}]",en,"RT @StreetArtDream: ... take care of yourself, protect your heart, love yourself. Do not lose hope, choose colors. Art by Mawe RFK &amp; Growâ€¦","RT @StreetArtDream: ... take care of yourself, protect your heart, love yourself. Do not lose hope, choose colors. Art by Mawe RFK &amp; Growâ€¦"
81,"tag:search.twitter.com,2005:1254901785573101569",share,2020-04-27T22:34:35.000Z,"_art: Sluggo thought he had found the bluebird of happiness, but it turned out to be the grackle of contempt. StreetArt 3Dchâ€¦","{'id': 'id:twitter.com:32546449', 'displayName': 'kathleen@lovesmichigan', 'preferredUsername': 'klb1980'}",['StreetArt'],"[{'name': 'David Zinn', 'screen_name': 'davidzinn_art'}]",en,"RT @davidzinn_art: Sluggo thought he had found the bluebird of happiness, but it turned out to be the grackle of contempt. #StreetArt #3Dchâ€¦","RT @davidzinn_art: Sluggo thought he had found the bluebird of happiness, but it turned out to be the grackle of contempt. #StreetArt #3Dchâ€¦"
82,"tag:search.twitter.com,2005:1254901699564630016",share,2020-04-27T22:34:14.000Z,": Itâ€™s MuralMonday, tweeps! Here are a few StreetArt pieces from Atlanta. UrbanArt PublicArt art ATL ğŸ¤¡ ","{'id': 'id:twitter.com:1099747370', 'displayName': 'Kristal Alfonso', 'preferredUsername': 'KristalAlfonso'}","['MuralMonday', 'StreetArt', 'UrbanArt', 'PublicArt', 'art', 'ATL']","[{'name': 'Sasha', 'screen_name': 'SashaEats'}]",en,"RT @SashaEats: Itâ€™s #MuralMonday, tweeps! Here are a few #StreetArt pieces from Atlanta. #UrbanArt #PublicArt #art #ATL ğŸ¤¡ https://t.co/OYqUâ€¦","RT @SashaEats: Itâ€™s #MuralMonday, tweeps! Here are a few #StreetArt pieces from Atlanta. #UrbanArt #PublicArt #art #ATL ğŸ¤¡ "
83,"tag:search.twitter.com,2005:1254901646267543552",share,2020-04-27T22:34:02.000Z,": Itâ€™s MuralMonday, tweeps! Here are a few StreetArt pieces from Atlanta. UrbanArt PublicArt art ATL ğŸ¤¡ ","{'id': 'id:twitter.com:301054898', 'displayName': 'Steve Kubota', 'preferredUsername': 'SteveKubota'}","['MuralMonday', 'StreetArt', 'UrbanArt', 'PublicArt', 'art', 'ATL']","[{'name': 'Sasha', 'screen_name': 'SashaEats'}]",en,"RT @SashaEats: Itâ€™s #MuralMonday, tweeps! Here are a few #StreetArt pieces from Atlanta. #UrbanArt #PublicArt #art #ATL ğŸ¤¡ https://t.co/OYqUâ€¦","RT @SashaEats: Itâ€™s #MuralMonday, tweeps! Here are a few #StreetArt pieces from Atlanta. #UrbanArt #PublicArt #art #ATL ğŸ¤¡ "
84,"tag:search.twitter.com,2005:1254901560829784066",share,2020-04-27T22:33:41.000Z,": streetart mural urbanart By JR Artist in NYC, USA.

A dancer confined to her box... ","{'id': 'id:twitter.com:1203531453457424384', 'displayName': 'Andy09â·ğŸ‡¿ğŸ‡¦', 'preferredUsername': 'Andyf091'}","['streetart', 'mural', 'urbanart']","[{'name': 'Jean-Pierre FIZAINE', 'screen_name': '95jpf'}]",en,"RT @95jpf: #streetart #mural #urbanart By JR Artist in NYC, USA. A dancer confined to her box... https://t.co/a8Jh8TxWRE","RT @95jpf: #streetart #mural #urbanart By JR Artist in NYC, USA. A dancer confined to her box... "
85,"tag:search.twitter.com,2005:1254901433645912069",post,2020-04-27T22:33:11.000Z,"200 hours later..ğŸ•ŠğŸŒŸ

â€¢Like, Repost, &amp; ShareğŸ’œ 

art painting mural artist portrait abstract artbaselâ€¦ ","{'id': 'id:twitter.com:65713233', 'displayName': 'Cam Smith', 'preferredUsername': 'Cds4sho'}","['art', 'painting', 'mural', 'artist', 'portrait', 'abstract', 'artbasel']",[],en,"200 hours later..ğŸ•ŠğŸŒŸ â€¢Like, Repost, &amp; ShareğŸ’œ #art #painting #mural #artist #portrait #abstract #artbaselâ€¦ https://t.co/AzdtA40cAe","200 hours later..ğŸ•ŠğŸŒŸ â€¢Like, Repost, &amp; ShareğŸ’œ #art #painting #mural #artist #portrait #abstract #artbaselâ€¦ "
86,"tag:search.twitter.com,2005:1254901107580645376",share,2020-04-27T22:31:53.000Z,": streetart mural urbanart By JR Artist in NYC, USA.

A dancer confined to her box... ","{'id': 'id:twitter.com:1527424363', 'displayName': 'zippora', 'preferredUsername': 'ZipporaLombardi'}","['streetart', 'mural', 'urbanart']","[{'name': 'Jean-Pierre FIZAINE', 'screen_name': '95jpf'}]",en,"RT @95jpf: #streetart #mural #urbanart By JR Artist in NYC, USA. A dancer confined to her box... https://t.co/a8Jh8TxWRE","RT @95jpf: #streetart #mural #urbanart By JR Artist in NYC, USA. A dancer confined to her box... "
87,"tag:search.twitter.com,2005:1254901097203994625",post,2020-04-27T22:31:51.000Z,"covidartchallenge accepted! ğŸ¤”ğŸ¤”
.
.
.
JONRS
.
.
.
.
.
.
.
vancouverartistÂ  vancouver canadianart streetartâ€¦ ","{'id': 'id:twitter.com:1087915745512611841', 'displayName': 'JONRS', 'preferredUsername': 'JONRS_now'}","['covidartchallenge', 'JONRS', 'vancouverartist', 'vancouver', 'canadianart', 'streetart']",[],en,#covidartchallenge accepted! ğŸ¤”ğŸ¤” . . . #JONRS . . . . . . . #vancouverartist #vancouver #canadianart #streetartâ€¦ https://t.co/h9oTpSSkLz,#covidartchallenge accepted! ğŸ¤”ğŸ¤” . . . #JONRS . . . . . . . #vancouverartist #vancouver #canadianart #streetartâ€¦ 
88,"tag:search.twitter.com,2005:1254900270938697729",share,2020-04-27T22:28:34.000Z,": ... don't stop dreaming, not now. Art by Bane in Limassol, Cyprus StreetArt Art Dreamers Hope Humanity Graffiti â€¦","{'id': 'id:twitter.com:134805414', 'displayName': 'sam johnson ğŸµğŸ”ŠğŸ‘‚', 'preferredUsername': 'ant_manic'}","['StreetArt', 'Art', 'Dreamers', 'Hope', 'Humanity', 'Graffiti']","[{'name': 'One World Street Art', 'screen_name': 'StreetArtDream'}]",en,"RT @StreetArtDream: ... don't stop dreaming, not now. Art by Bane in Limassol, Cyprus #StreetArt #Art #Dreamers #Hope #Humanity #Graffiti #â€¦","RT @StreetArtDream: ... don't stop dreaming, not now. Art by Bane in Limassol, Cyprus #StreetArt #Art #Dreamers #Hope #Humanity #Graffiti #â€¦"
89,"tag:search.twitter.com,2005:1254899526747541505",share,2020-04-27T22:25:36.000Z,": ...  take care of yourself, protect your heart, love yourself. Do not lose hope, choose colors. Art by Mawe RFK &amp;  Growâ€¦","{'id': 'id:twitter.com:474846226', 'displayName': 'Jasper Jouan', 'preferredUsername': 'jasperjn'}",[],"[{'name': 'One World Street Art', 'screen_name': 'StreetArtDream'}]",en,"RT @StreetArtDream: ... take care of yourself, protect your heart, love yourself. Do not lose hope, choose colors. Art by Mawe RFK &amp; Growâ€¦","RT @StreetArtDream: ... take care of yourself, protect your heart, love yourself. Do not lose hope, choose colors. Art by Mawe RFK &amp; Growâ€¦"
90,"tag:search.twitter.com,2005:1254899197553205248",share,2020-04-27T22:24:18.000Z,": streetart mural urbanart By JR Artist in NYC, USA.

A dancer confined to her box... ","{'id': 'id:twitter.com:14914045', 'displayName': 'Granville #AussieResister', 'preferredUsername': 'Granville4879'}","['streetart', 'mural', 'urbanart']","[{'name': 'Jean-Pierre FIZAINE', 'screen_name': '95jpf'}]",en,"RT @95jpf: #streetart #mural #urbanart By JR Artist in NYC, USA. A dancer confined to her box... https://t.co/a8Jh8TxWRE","RT @95jpf: #streetart #mural #urbanart By JR Artist in NYC, USA. A dancer confined to her box... "
91,"tag:search.twitter.com,2005:1254898916774068226",share,2020-04-27T22:23:11.000Z,": Thank you to our HealthcareHeroes by  in Houston, Texas
---
GlobalStreetArt StreetArt PaintedCitiesâ€¦","{'id': 'id:twitter.com:34553', 'displayName': 'Marc Schiller', 'preferredUsername': 'MarcDSchiller'}",['HealthcareHeroes'],"[{'name': 'Global Street Art', 'screen_name': 'globalstreetart'}]",en,"RT @globalstreetart: Thank you to our #HealthcareHeroes by @anatronen1971 in Houston, Texas --- #GlobalStreetArt #StreetArt #PaintedCitiesâ€¦","RT @globalstreetart: Thank you to our #HealthcareHeroes by @anatronen1971 in Houston, Texas --- #GlobalStreetArt #StreetArt #PaintedCitiesâ€¦"
92,"tag:search.twitter.com,2005:1254898916358787073",share,2020-04-27T22:23:11.000Z,": Thank you to our HealthcareHeroes by  in Houston, Texas
---
GlobalStreetArt StreetArt PaintedCitiesâ€¦","{'id': 'id:twitter.com:14272168', 'displayName': 'Sarcasm', 'preferredUsername': 'ExcuseMySarcasm'}",['HealthcareHeroes'],"[{'name': 'Global Street Art', 'screen_name': 'globalstreetart'}]",en,"RT @globalstreetart: Thank you to our #HealthcareHeroes by @anatronen1971 in Houston, Texas --- #GlobalStreetArt #StreetArt #PaintedCitiesâ€¦","RT @globalstreetart: Thank you to our #HealthcareHeroes by @anatronen1971 in Houston, Texas --- #GlobalStreetArt #StreetArt #PaintedCitiesâ€¦"
93,"tag:search.twitter.com,2005:1254898272197632001",share,2020-04-27T22:20:37.000Z,": There is two sides to everything

streetArt Mural Graffiti ","{'id': 'id:twitter.com:14272168', 'displayName': 'Sarcasm', 'preferredUsername': 'ExcuseMySarcasm'}","['streetArt', 'Mural', 'Graffiti']","[{'name': 'Cuiet(4.26)       Matte.L', 'screen_name': 'Cuiet426'}]",en,RT @Cuiet426: There is two sides to everything #streetArt #Mural #Graffiti https://t.co/UbtIARL2rT,RT @Cuiet426: There is two sides to everything #streetArt #Mural #Graffiti 
94,"tag:search.twitter.com,2005:1254898173757329409",share,2020-04-27T22:20:14.000Z,": ...  take care of yourself, protect your heart, love yourself. Do not lose hope, choose colors. Art by Mawe RFK &amp;  Growâ€¦","{'id': 'id:twitter.com:1157730134528548864', 'displayName': 'Linda Lamb', 'preferredUsername': 'LindaLa23623844'}",[],"[{'name': 'One World Street Art', 'screen_name': 'StreetArtDream'}]",en,"RT @StreetArtDream: ... take care of yourself, protect your heart, love yourself. Do not lose hope, choose colors. Art by Mawe RFK &amp; Growâ€¦","RT @StreetArtDream: ... take care of yourself, protect your heart, love yourself. Do not lose hope, choose colors. Art by Mawe RFK &amp; Growâ€¦"
95,"tag:search.twitter.com,2005:1254897999475507203",share,2020-04-27T22:19:32.000Z,: C is for CRASH OG NYC 80s graffiti writer Collaboration with another OG DAZE - I had the incredible opportunityâ€¦,"{'id': 'id:twitter.com:1143845680936607744', 'displayName': 'Subway Surfer', 'preferredUsername': '__subwaysurfer'}","['C', 'CRASH', 'OG', 'NYC', '80s', 'graffiti', 'Collaboration', 'OG', 'DAZE']","[{'name': 'dean sunshine', 'screen_name': 'deansunshine'}]",en,RT @deansunshine: #C is for #CRASH #OG #NYC #80s #graffiti writer #Collaboration with another #OG #DAZE - I had the incredible opportunityâ€¦,RT @deansunshine: #C is for #CRASH #OG #NYC #80s #graffiti writer #Collaboration with another #OG #DAZE - I had the incredible opportunityâ€¦
96,"tag:search.twitter.com,2005:1254897525439508483",share,2020-04-27T22:17:39.000Z,": There is two sides to everything

streetArt Mural Graffiti ","{'id': 'id:twitter.com:1493972179', 'displayName': 'mcicculus', 'preferredUsername': 'mcicculus'}","['streetArt', 'Mural', 'Graffiti']","[{'name': 'Cuiet(4.26)       Matte.L', 'screen_name': 'Cuiet426'}]",en,RT @Cuiet426: There is two sides to everything #streetArt #Mural #Graffiti https://t.co/UbtIARL2rT,RT @Cuiet426: There is two sides to everything #streetArt #Mural #Graffiti 
97,"tag:search.twitter.com,2005:1254897349836574721",share,2020-04-27T22:16:57.000Z,": Thank you to our HealthcareHeroes by  in Houston, Texas
---
GlobalStreetArt StreetArt PaintedCitiesâ€¦","{'id': 'id:twitter.com:188592927', 'displayName': 'Dro', 'preferredUsername': 'sMkDro'}",['HealthcareHeroes'],"[{'name': 'Global Street Art', 'screen_name': 'globalstreetart'}]",en,"RT @globalstreetart: Thank you to our #HealthcareHeroes by @anatronen1971 in Houston, Texas --- #GlobalStreetArt #StreetArt #PaintedCitiesâ€¦","RT @globalstreetart: Thank you to our #HealthcareHeroes by @anatronen1971 in Houston, Texas --- #GlobalStreetArt #StreetArt #PaintedCitiesâ€¦"
98,"tag:search.twitter.com,2005:1254897342811119616",share,2020-04-27T22:16:56.000Z,": Thank you to our HealthcareHeroes by  in Houston, Texas
---
GlobalStreetArt StreetArt PaintedCitiesâ€¦","{'id': 'id:twitter.com:350435158', 'displayName': 'Rebecca', 'preferredUsername': 'RebeccaNola'}",['HealthcareHeroes'],"[{'name': 'Global Street Art', 'screen_name': 'globalstreetart'}]",en,"RT @globalstreetart: Thank you to our #HealthcareHeroes by @anatronen1971 in Houston, Texas --- #GlobalStreetArt #StreetArt #PaintedCitiesâ€¦","RT @globalstreetart: Thank you to our #HealthcareHeroes by @anatronen1971 in Houston, Texas --- #GlobalStreetArt #StreetArt #PaintedCitiesâ€¦"
